DNA Sample ID,Tumor ID,Index,NE Phenotype,Castration,Metastasis sample,Pilot cohort
B-A01,3265 Fused2,AACGGACAACTT,TRUE,FALSE,FALSE,TRUE
B-A02,3266 DLP-VP1,AACTCTAATGGC,FALSE,FALSE,FALSE,TRUE
B-A03,3267 Fused1,AAGAACAGTCAC,TRUE,FALSE,FALSE,TRUE
B-A04,3269 Fused2,AAGACAGCAATG,FALSE,FALSE,FALSE,TRUE
B-A05,3501 Fused1,AAGAGCTATGTG,FALSE,FALSE,FALSE,TRUE
B-A07,3504 Fused3,AAGTCTTCGTCT,FALSE,FALSE,FALSE,TRUE
B-A08,3505 DLP-VP,AATCTGTGTGAG,TRUE,FALSE,FALSE,TRUE
B-A10,3507 Fused2,ACACACTTCGTT,FALSE,FALSE,FALSE,TRUE
B-A11,4333 DLP-VP,ACACGAGATTGT,FALSE,FALSE,FALSE,TRUE
B-A12,4336 DLP-VP2,ACAGAGCATAAC,FALSE,FALSE,FALSE,TRUE
B-B02,4012 Fused3,ACCGTAACTGTT,TRUE,FALSE,FALSE,TRUE
B-B03,4013 Fused3,ACCTATTCGTTC,FALSE,FALSE,FALSE,TRUE
B-B04,4014 Fused3,ACTAGAAGTGGT,TRUE,FALSE,FALSE,TRUE
B-B05,4015 Fused2,ACTGCTTAGCTT,FALSE,FALSE,FALSE,TRUE
B-B07,4020 Fused1,AGAACTTGAACC,TRUE,FALSE,FALSE,TRUE
B-B08,4021 Fused3,AGAATCGATTCG,TRUE,FALSE,FALSE,TRUE
B-B09,4022 Fused3,AGACAATACGGT,TRUE,FALSE,FALSE,TRUE
B-B10,4016 Fused2,AGATAGATCCAC,FALSE,FALSE,FALSE,TRUE
B-B11,4018 DLP-VP,AGATTACCGAGT,TRUE,FALSE,FALSE,TRUE
B-1-7,3541 Fused1+2,AGGCAATATACC,FALSE,FALSE,FALSE,FALSE
B-1-4,4011 Fused1+2,AGTACATGGAGT,FALSE,FALSE,FALSE,FALSE
B-1-2,8439-17 Fused2,ATACATCGTTGC,TRUE,FALSE,FALSE,FALSE
B-1-6,0870-16 Fused1,ATAGGCACTCTT,FALSE,FALSE,FALSE,FALSE
B-2-9,2758-16 Fused1,ATATGTGGCAAC,TRUE,FALSE,FALSE,FALSE
B-2-12,8440-17 Fused1,ATCGAGTTCAGT,FALSE,FALSE,FALSE,FALSE
B-2-14,4355-16 Fused1,ATGATCATGTGC,FALSE,FALSE,FALSE,FALSE
B-2-15,8101-17 AP,ATGCTATATCGC,FALSE,FALSE,FALSE,FALSE
B-1-9,2084-16 Fused1,ATGTTGTAAGGC,FALSE,FALSE,FALSE,FALSE
B-2-17,2762-16 DLP-VP1,ATTACCTATGCG,TRUE,FALSE,FALSE,FALSE
B-1-10,2082-16 Fused1,ATTATTCGCGCT,FALSE,FALSE,FALSE,FALSE
B-2-21,8445-17 Fused1,ATTCTCATCGGT,FALSE,FALSE,FALSE,FALSE
B-2-23,4762-17 Fused,CAACCACATGAT,FALSE,FALSE,FALSE,FALSE
B-2-25,1592-16 Fused1,CAGACATCTATC,FALSE,FALSE,FALSE,FALSE
B-2-26,8442-17 Fused1,CAGATTACCGTT,TRUE,FALSE,FALSE,FALSE
B-2-27,4191-16 Fused1,CATATTACAGCC,FALSE,FALSE,FALSE,FALSE
B-3-1,5072-17 Fused,CATTCTCATCAG,FALSE,FALSE,FALSE,FALSE
B-3-4,6014-17 Fused1+2,CCAGCAGAATAT,FALSE,FALSE,FALSE,FALSE
B3-1,2865-17 LN+,CGTATTAACACC,FALSE,FALSE,TRUE,FALSE
B3-2,5230-17 Fused,CTAACCAATTCG,FALSE,FALSE,FALSE,FALSE
B3-3,6012-17 Fused1,CTAATGTCACTC,FALSE,FALSE,FALSE,FALSE
B3-4,2425-18 Liver+,CTACTAGTTCTC,FALSE,TRUE,TRUE,FALSE
B3-5,1072-18 DLP-VP,CTAGTTGAAGAG,FALSE,FALSE,FALSE,FALSE
B3-6,2582-17 DLP-VP1,CTATCGCTGTAT,TRUE,FALSE,FALSE,FALSE
B3-7,2691-17 Fused1,CTCTCATGAGTT,FALSE,FALSE,FALSE,FALSE
B3-8,0825-18 LN1+,CTGTAGGTTGTT,FALSE,FALSE,TRUE,FALSE
B3-9,2425-18 LN-INT+,CTTACAAGCAAC,FALSE,TRUE,TRUE,FALSE
B3-10,2865-17 Liver+,CTTATCCTTGCT,FALSE,FALSE,TRUE,FALSE
B3-11,0825-18 Fused1,CTTCGTTGGATT,FALSE,FALSE,FALSE,FALSE
B3-12,2426 Fused1,GAAGATAAGCTC,FALSE,TRUE,FALSE,FALSE
B3-13,2865-17 Fused,GAGTATCACAAC,FALSE,FALSE,FALSE,FALSE
B3-14,2426 LN3+,GATCCACCTAAT,FALSE,TRUE,TRUE,FALSE
B3-15,6271-17 Fused,GATTACGAATCC,FALSE,TRUE,FALSE,FALSE
B3-16,2425-18 Fused,GCAGGATAAGTT,FALSE,TRUE,FALSE,FALSE
B3-17,6270-17 Fused,GCCTTAATACTG,TRUE,TRUE,FALSE,FALSE
B3-18,2431-18 LN1+,GCTTCGTAATCT,TRUE,TRUE,TRUE,FALSE
B3-19,2583-17 Fused1,GTAACGACAGTT,FALSE,FALSE,FALSE,FALSE
B3-21,6014-17 LN-INT+,GTACGACTATTC,FALSE,FALSE,TRUE,FALSE
B3-1-2,4020 LN1+,GTCCTATACTCT,TRUE,FALSE,TRUE,FALSE
B3-1-3,4022 LN1+,GTCGATGGATCC,TRUE,FALSE,TRUE,FALSE
B3-1-5,4014 Lung+,GTCGGCGTCATT,TRUE,FALSE,TRUE,FALSE
B3-1-11,4012 INT1+,GTCTCGTCACAC,TRUE,FALSE,TRUE,FALSE
B3-1-13,3504 Liver+,GTCTTCGGTTCC,FALSE,FALSE,TRUE,FALSE
B3-1-15,3267 LN1+,GTGATTGGCCGT,TRUE,FALSE,TRUE,FALSE
B3-2-2,8922-17 LN,GTGGTCATCAAT,TRUE,TRUE,TRUE,FALSE
B3-2-7,9243-17 LN1,GTGGTTCGAGCT,TRUE,TRUE,TRUE,FALSE
B3-2-21,2081-16 LN1,GTTACGATCCAT,FALSE,FALSE,TRUE,FALSE
B3-2-22,8442-17 Liver,GTTCAATATGCC,TRUE,FALSE,TRUE,FALSE
B3-2-36,8649-17 LN,CCATTGAGTTAG,TRUE,TRUE,TRUE,FALSE
B3-2-37,2082-16 LN1,CCTACAACAACT,FALSE,FALSE,TRUE,FALSE
B3-c-9,9245-17 Fused1,CCTTCAATCAAC,FALSE,TRUE,FALSE,FALSE
B3-c-10,8924-17 Fused1,CCTTGGAATTCT,TRUE,TRUE,FALSE,FALSE
B3-c-14,8921-17 Fused1,CGACTTCCTAAT,FALSE,TRUE,FALSE,FALSE
B3-c-28,9738-17 Fused1,AGTCGGTTATCT,FALSE,TRUE,FALSE,FALSE
B3-c-32,8649-17 Fused1,AGTTAGATTGGC,TRUE,TRUE,FALSE,FALSE
N-A01,3265 Fused2,AACTACGACTGT,TRUE,FALSE,FALSE,TRUE
N-A02,3266 DLP-VP1,AACTGAAGAGAC,FALSE,FALSE,FALSE,TRUE
N-A03,3267 Fused1,AAGAATGCGTTG,TRUE,FALSE,FALSE,TRUE
N-A04,3269 Fused2,AAGACTTCCATG,FALSE,FALSE,FALSE,TRUE
N-A05,3501 Fused1,AAGATTGTTGCG,FALSE,FALSE,FALSE,TRUE
N-A07,3504 Fused3,AATCCGAGACAT,FALSE,FALSE,FALSE,TRUE
N-A08,3505 DLP-VP,AATGAAGACCGT,TRUE,FALSE,FALSE,TRUE
N-A10,3507 Fused2,ACACCATTCTAG,FALSE,FALSE,FALSE,TRUE
N-A11,4333 DLP-VP,ACACGGTAAGAT,FALSE,FALSE,FALSE,TRUE
N-A12,4336 DLP-VP2,ACATCAGTCAGT,FALSE,FALSE,FALSE,TRUE
N-B02,4012 Fused3,ACCGTCTATAAG,TRUE,FALSE,FALSE,TRUE
N-B03,4013 Fused3,ACGAGATGTTGT,FALSE,FALSE,FALSE,TRUE
N-B04,4014 Fused3,ACTATATAGGCC,TRUE,FALSE,FALSE,TRUE
N-B05,4015 Fused2,ACTGTGAAGACT,FALSE,FALSE,FALSE,TRUE
N-B07,4020 Fused1,AGAATCCTTGGT,TRUE,FALSE,FALSE,TRUE
N-B08,4021 Fused3,AGAATTCTGTCG,TRUE,FALSE,FALSE,TRUE
N-B09,4022 Fused3,AGAGAATTCTGG,TRUE,FALSE,FALSE,TRUE
N-B10,4016 Fused2,AGATATTGGCCT,FALSE,FALSE,FALSE,TRUE
N-B11,4018 DLP-VP,AGCAATAGTGTG,TRUE,FALSE,FALSE,TRUE
N-1-7,3541 Fused1+2,AGGCTGATGTAT,FALSE,FALSE,FALSE,FALSE
N-1-4,4011 Fused1+2,AGTATATACCGC,FALSE,FALSE,FALSE,FALSE
N-1-2,8439-17 Fused2,ATACGTTGCACT,TRUE,FALSE,FALSE,FALSE
N-1-6,0870-16 Fused1,ATATATCCGCGT,FALSE,FALSE,FALSE,FALSE
N-2-9,2758-16 Fused1,ATATGTGTGGAC,TRUE,FALSE,FALSE,FALSE
N-2-12,8440-17 Fused1,ATCTTAGTTGGC,FALSE,FALSE,FALSE,FALSE
N-2-14,4355-16 Fused1,ATGCACCATAGT,FALSE,FALSE,FALSE,FALSE
N-2-15,8101-17 AP,ATGCTCTCCATT,FALSE,FALSE,FALSE,FALSE
N-1-9,2084-16 Fused1,ATTAACCGATCG,FALSE,FALSE,FALSE,FALSE
N-2-17,2762-16 DLP-VP1,ATTACTTCCGCT,TRUE,FALSE,FALSE,FALSE
N-1-10,2082-16 Fused1,ATTCAGTTACCG,FALSE,FALSE,FALSE,FALSE
N-2-21,8445-17 Fused1,ATTGACTGCCAT,FALSE,FALSE,FALSE,FALSE
N-2-23,4762-17 Fused,CAAGTCACCATT,FALSE,FALSE,FALSE,FALSE
N-2-25,1592-16 Fused1,CAGATAAGCCTT,FALSE,FALSE,FALSE,FALSE
N-2-26,8442-17 Fused1,CAGTCAGAATCT,TRUE,FALSE,FALSE,FALSE
N-2-27,4191-16 Fused1,CATCACTACTAG,FALSE,FALSE,FALSE,FALSE
N-3-1,5072-17 Fused,CCAACACTAGAT,FALSE,FALSE,FALSE,FALSE
N-3-4,6014-17 Fused1+2,CCAGTGAATTAC,FALSE,FALSE,FALSE,FALSE
N3-1,2865-17 LN+,CGTATTGAATGC,FALSE,FALSE,TRUE,FALSE
N3-2,5230-17 Fused,CTAAGACATTCG,FALSE,FALSE,FALSE,FALSE
N3-3,6012-17 Fused1,CTAATTACCGGT,FALSE,FALSE,FALSE,FALSE
N3-4,2425-18 Liver+,CTAGTGAATAGG,FALSE,TRUE,TRUE,FALSE
N3-5,1072-18 DLP-VP,CTATAAGCTTCG,FALSE,FALSE,FALSE,FALSE
N3-6,2582-17 DLP-VP1,CTATTCATTCGC,TRUE,FALSE,FALSE,FALSE
N3-7,2691-17 Fused1,CTCTGAATCATC,FALSE,FALSE,FALSE,FALSE
N3-8,0825-18 LN1+,CTTAACGGCAAT,FALSE,FALSE,TRUE,FALSE
N3-9,2425-18 LN-INT+,CTTACTGACCAT,FALSE,TRUE,TRUE,FALSE
N3-10,2865-17 Liver+,CTTCCTTAGACT,FALSE,FALSE,TRUE,FALSE
N3-11,0825-18 Fused1,GAACGGTCTAAT,FALSE,FALSE,FALSE,FALSE
N3-12,2426 Fused1,GAGCGATGAATT,FALSE,TRUE,FALSE,FALSE
N3-13,2865-17 Fused,GAGTTCCAATTC,FALSE,FALSE,FALSE,FALSE
N3-14,2426 LN3+,GATGACAATAGG,FALSE,TRUE,TRUE,FALSE
N3-15,6271-17 Fused,GATTCAGCAATG,FALSE,TRUE,FALSE,FALSE
N3-16,2425-18 Fused,GCCTACTTAACT,FALSE,TRUE,FALSE,FALSE
N3-17,6270-17 Fused,GCTAACTTGATC,TRUE,TRUE,FALSE,FALSE
N3-18,2431-18 LN1+,GGTTAACAACAG,TRUE,TRUE,TRUE,FALSE
N3-19,2583-17 Fused1,GTACACTGTGGC,FALSE,FALSE,FALSE,FALSE
N3-21,6014-17 LN-INT+,GTAGAGATCCAT,FALSE,FALSE,TRUE,FALSE
N3-1-2,4020 LN1+,GTCCTGAACTGC,TRUE,FALSE,TRUE,FALSE
N3-1-3,4022 LN1+,GTCGCTGTGTCT,TRUE,FALSE,TRUE,FALSE
N3-1-5,4014 Lung+,GTCGTAAGGTCC,TRUE,FALSE,TRUE,FALSE
N3-1-11,4012 INT1+,GTCTGGCATCTG,TRUE,FALSE,TRUE,FALSE
N3-1-13,3504 Liver+,GTGAAGGATATC,FALSE,FALSE,TRUE,FALSE
N3-1-15,3267 LN1+,GTGCAAGAGCCT,TRUE,FALSE,TRUE,FALSE
N3-2-2,8922-17 LN,GTGGTCGAGATG,TRUE,TRUE,TRUE,FALSE
N3-2-7,9243-17 LN1,GTGGTTCTACAT,TRUE,TRUE,TRUE,FALSE
N3-2-21,2081-16 LN1,GTTATGCAAGAC,FALSE,FALSE,TRUE,FALSE
N3-2-22,8442-17 Liver,GTTCTCTAGCCG,TRUE,FALSE,TRUE,FALSE
N3-2-36,8649-17 LN,CCGTATAGTTAG,TRUE,TRUE,TRUE,FALSE
N3-2-37,2082-16 LN1,CCTATGGTATTG,FALSE,FALSE,TRUE,FALSE
N3-c-9,9245-17 Fused1,CCTTCTAGCTAT,FALSE,TRUE,FALSE,FALSE
N3-c-10,8924-17 Fused1,CGAATTAAGACG,TRUE,TRUE,FALSE,FALSE
N3-c-14,8921-17 Fused1,CGTAAGGATTGT,FALSE,TRUE,FALSE,FALSE
N3-c-28,9738-17 Fused1,AGTCTGAACTTG,FALSE,TRUE,FALSE,FALSE
N3-c-32,8649-17 Fused1,ATAATCGATGGC,TRUE,TRUE,FALSE,FALSE